{
	"credit": "Made by LiteHorizon using Blockbench",
	"texture_size": [64, 64],
	"textures": {
		"0": "custom:item/new_aviator_helmet",
		"particle": "custom:item/new_aviator_helmet"
	},
	"elements": [
		{
			"from": [12, 3, 4],
			"to": [12.8, 11, 12],
			"rotation": {"angle": 0, "axis": "y", "origin": [8, 6, 8]},
			"faces": {
				"north": {"uv": [0, 6, 0.25, 8], "texture": "#0"},
				"east": {"uv": [0, 0, 2, 2], "texture": "#0"},
				"south": {"uv": [6, 0, 6.25, 2], "texture": "#0"},
				"west": {"uv": [0, 2, 2, 4], "texture": "#0"},
				"up": {"uv": [0.5, 8, 0.25, 6], "texture": "#0"},
				"down": {"uv": [0.75, 6, 0.5, 8], "texture": "#0"}
			}
		},
		{
			"from": [3.2, 3, 4],
			"to": [4, 11, 12],
			"rotation": {"angle": 0, "axis": "y", "origin": [8, 6, 8]},
			"faces": {
				"north": {"uv": [0.75, 6, 1, 8], "texture": "#0"},
				"east": {"uv": [2, 0, 4, 2], "texture": "#0"},
				"south": {"uv": [1, 6, 1.25, 8], "texture": "#0"},
				"west": {"uv": [2, 2, 4, 4], "texture": "#0"},
				"up": {"uv": [1.5, 8, 1.25, 6], "texture": "#0"},
				"down": {"uv": [1.75, 6, 1.5, 8], "texture": "#0"}
			}
		},
		{
			"from": [12, 0, 5],
			"to": [12.8, 3, 7],
			"rotation": {"angle": 0, "axis": "y", "origin": [8, 6, 8]},
			"faces": {
				"north": {"uv": [0.5, 8, 0.75, 8.75], "texture": "#0"},
				"east": {"uv": [4, 7.75, 4.5, 8.5], "texture": "#0"},
				"south": {"uv": [0.75, 8, 1, 8.75], "texture": "#0"},
				"west": {"uv": [4.5, 7.75, 5, 8.5], "texture": "#0"},
				"up": {"uv": [8.25, 6.5, 8, 6], "texture": "#0"},
				"down": {"uv": [8.25, 6.5, 8, 7], "texture": "#0"}
			}
		},
		{
			"from": [3.2, 0, 5],
			"to": [4, 3, 7],
			"rotation": {"angle": 0, "axis": "y", "origin": [8, 6, 8]},
			"faces": {
				"north": {"uv": [1, 8, 1.25, 8.75], "texture": "#0"},
				"east": {"uv": [5, 7.75, 5.5, 8.5], "texture": "#0"},
				"south": {"uv": [1.25, 8, 1.5, 8.75], "texture": "#0"},
				"west": {"uv": [5.5, 7.75, 6, 8.5], "texture": "#0"},
				"up": {"uv": [8.25, 7.5, 8, 7], "texture": "#0"},
				"down": {"uv": [8.25, 7.5, 8, 8], "texture": "#0"}
			}
		},
		{
			"from": [3.1, -3.2, 5.7],
			"to": [3.2, 1.8, 6.3],
			"rotation": {"angle": 0, "axis": "y", "origin": [8, 6, 8]},
			"faces": {
				"north": {"uv": [3.5, 6.25, 3.75, 7.5], "texture": "#0"},
				"east": {"uv": [3.5, 7.5, 3.75, 8.75], "texture": "#0"},
				"south": {"uv": [6, 7.75, 6.25, 9], "texture": "#0"},
				"west": {"uv": [6.25, 7.75, 6.5, 9], "texture": "#0"},
				"up": {"uv": [1.25, 9, 1, 8.75], "texture": "#0"},
				"down": {"uv": [9, 1, 8.75, 1.25], "texture": "#0"}
			}
		},
		{
			"from": [3.2, 1, 7],
			"to": [4, 3, 8],
			"rotation": {"angle": 0, "axis": "y", "origin": [8, 6, 8]},
			"faces": {
				"north": {"uv": [7.75, 8, 8, 8.5], "texture": "#0"},
				"east": {"uv": [8, 8, 8.25, 8.5], "texture": "#0"},
				"south": {"uv": [8.25, 0, 8.5, 0.5], "texture": "#0"},
				"west": {"uv": [8.25, 0.5, 8.5, 1], "texture": "#0"},
				"up": {"uv": [1.5, 9, 1.25, 8.75], "texture": "#0"},
				"down": {"uv": [9, 1.25, 8.75, 1.5], "texture": "#0"}
			}
		},
		{
			"from": [12, 1, 7],
			"to": [12.8, 3, 8],
			"rotation": {"angle": 0, "axis": "y", "origin": [8, 6, 8]},
			"faces": {
				"north": {"uv": [8.25, 1, 8.5, 1.5], "texture": "#0"},
				"east": {"uv": [8.25, 1.5, 8.5, 2], "texture": "#0"},
				"south": {"uv": [1.75, 8.25, 2, 8.75], "texture": "#0"},
				"west": {"uv": [2, 8.25, 2.25, 8.75], "texture": "#0"},
				"up": {"uv": [1.75, 9, 1.5, 8.75], "texture": "#0"},
				"down": {"uv": [9, 1.5, 8.75, 1.75], "texture": "#0"}
			}
		},
		{
			"from": [4, 8, 3.2],
			"to": [12, 11, 4],
			"rotation": {"angle": 0, "axis": "y", "origin": [8, 6, 8]},
			"faces": {
				"north": {"uv": [4, 4, 6, 4.75], "texture": "#0"},
				"east": {"uv": [1.5, 8, 1.75, 8.75], "texture": "#0"},
				"south": {"uv": [4, 4.75, 6, 5.5], "texture": "#0"},
				"west": {"uv": [3.75, 8, 4, 8.75], "texture": "#0"},
				"up": {"uv": [3.75, 6.25, 1.75, 6], "texture": "#0"},
				"down": {"uv": [8, 2, 6, 2.25], "texture": "#0"}
			}
		},
		{
			"from": [4, 3, 12],
			"to": [12, 11, 12.8],
			"rotation": {"angle": 0, "axis": "y", "origin": [8, 6, 8]},
			"faces": {
				"north": {"uv": [0, 4, 2, 6], "texture": "#0"},
				"east": {"uv": [6, 2.25, 6.25, 4.25], "texture": "#0"},
				"south": {"uv": [4, 0, 6, 2], "texture": "#0"},
				"west": {"uv": [3.75, 6, 4, 8], "texture": "#0"},
				"up": {"uv": [8, 4.5, 6, 4.25], "texture": "#0"},
				"down": {"uv": [8, 4.5, 6, 4.75], "texture": "#0"}
			}
		},
		{
			"from": [4, 7, 3.2],
			"to": [5, 8, 4],
			"rotation": {"angle": 0, "axis": "y", "origin": [8, 6, 8]},
			"faces": {
				"north": {"uv": [1.75, 8.75, 2, 9], "texture": "#0"},
				"east": {"uv": [8.75, 1.75, 9, 2], "texture": "#0"},
				"south": {"uv": [2, 8.75, 2.25, 9], "texture": "#0"},
				"west": {"uv": [8.75, 2, 9, 2.25], "texture": "#0"},
				"up": {"uv": [2.75, 9, 2.5, 8.75], "texture": "#0"},
				"down": {"uv": [3, 8.75, 2.75, 9], "texture": "#0"}
			}
		},
		{
			"from": [11, 7, 3.2],
			"to": [12, 8, 4],
			"rotation": {"angle": 0, "axis": "y", "origin": [8, 6, 8]},
			"faces": {
				"north": {"uv": [8.75, 3, 9, 3.25], "texture": "#0"},
				"east": {"uv": [3.25, 8.75, 3.5, 9], "texture": "#0"},
				"south": {"uv": [8.75, 3.25, 9, 3.5], "texture": "#0"},
				"west": {"uv": [3.5, 8.75, 3.75, 9], "texture": "#0"},
				"up": {"uv": [9, 3.75, 8.75, 3.5], "texture": "#0"},
				"down": {"uv": [4, 8.75, 3.75, 9], "texture": "#0"}
			}
		},
		{
			"from": [4, 11, 4],
			"to": [12, 11.8, 12],
			"rotation": {"angle": 0, "axis": "y", "origin": [8, 6, 8]},
			"faces": {
				"north": {"uv": [6, 4.75, 8, 5], "texture": "#0"},
				"east": {"uv": [6, 5, 8, 5.25], "texture": "#0"},
				"south": {"uv": [6, 5.25, 8, 5.5], "texture": "#0"},
				"west": {"uv": [6, 5.5, 8, 5.75], "texture": "#0"},
				"up": {"uv": [4, 6, 2, 4], "texture": "#0"},
				"down": {"uv": [6, 2, 4, 4], "texture": "#0"}
			}
		},
		{
			"from": [4, 11, 12],
			"to": [12, 11.6, 12.6],
			"rotation": {"angle": 0, "axis": "y", "origin": [8, 6, 8]},
			"faces": {
				"north": {"uv": [6, 5.75, 8, 6], "texture": "#0"},
				"east": {"uv": [8.75, 3.75, 9, 4], "texture": "#0"},
				"south": {"uv": [6, 6, 8, 6.25], "texture": "#0"},
				"west": {"uv": [8.75, 4.25, 9, 4.5], "texture": "#0"},
				"up": {"uv": [8.25, 0.25, 6.25, 0], "texture": "#0"},
				"down": {"uv": [8.25, 0.25, 6.25, 0.5], "texture": "#0"}
			}
		},
		{
			"from": [3.4, 11, 4],
			"to": [4, 11.6, 12],
			"rotation": {"angle": 0, "axis": "y", "origin": [8, 6, 8]},
			"faces": {
				"north": {"uv": [8.75, 4.5, 9, 4.75], "texture": "#0"},
				"east": {"uv": [6.25, 0.5, 8.25, 0.75], "texture": "#0"},
				"south": {"uv": [8.75, 4.75, 9, 5], "texture": "#0"},
				"west": {"uv": [6.25, 0.75, 8.25, 1], "texture": "#0"},
				"up": {"uv": [2, 8.25, 1.75, 6.25], "texture": "#0"},
				"down": {"uv": [2.25, 6.25, 2, 8.25], "texture": "#0"}
			}
		},
		{
			"from": [12, 11, 4],
			"to": [12.6, 11.6, 12],
			"rotation": {"angle": 0, "axis": "y", "origin": [8, 6, 8]},
			"faces": {
				"north": {"uv": [8.75, 5, 9, 5.25], "texture": "#0"},
				"east": {"uv": [6.25, 1, 8.25, 1.25], "texture": "#0"},
				"south": {"uv": [5.25, 8.75, 5.5, 9], "texture": "#0"},
				"west": {"uv": [6.25, 1.25, 8.25, 1.5], "texture": "#0"},
				"up": {"uv": [2.5, 8.25, 2.25, 6.25], "texture": "#0"},
				"down": {"uv": [6.5, 2.25, 6.25, 4.25], "texture": "#0"}
			}
		},
		{
			"from": [12, 3, 12],
			"to": [12.6, 11.6, 12.6],
			"rotation": {"angle": 0, "axis": "y", "origin": [8, 6, 8]},
			"faces": {
				"north": {"uv": [4, 5.5, 4.25, 7.75], "texture": "#0"},
				"east": {"uv": [4.25, 5.5, 4.5, 7.75], "texture": "#0"},
				"south": {"uv": [4.5, 5.5, 4.75, 7.75], "texture": "#0"},
				"west": {"uv": [4.75, 5.5, 5, 7.75], "texture": "#0"},
				"up": {"uv": [9, 5.5, 8.75, 5.25], "texture": "#0"},
				"down": {"uv": [5.75, 8.75, 5.5, 9], "texture": "#0"}
			}
		},
		{
			"from": [3.4, 3, 12],
			"to": [4, 11.6, 12.6],
			"rotation": {"angle": 0, "axis": "y", "origin": [8, 6, 8]},
			"faces": {
				"north": {"uv": [5, 5.5, 5.25, 7.75], "texture": "#0"},
				"east": {"uv": [5.25, 5.5, 5.5, 7.75], "texture": "#0"},
				"south": {"uv": [5.5, 5.5, 5.75, 7.75], "texture": "#0"},
				"west": {"uv": [5.75, 5.5, 6, 7.75], "texture": "#0"},
				"up": {"uv": [9, 5.75, 8.75, 5.5], "texture": "#0"},
				"down": {"uv": [9, 5.75, 8.75, 6], "texture": "#0"}
			}
		},
		{
			"from": [3.4, 7, 3.4],
			"to": [4, 11.6, 4],
			"rotation": {"angle": 0, "axis": "y", "origin": [8, 6, 8]},
			"faces": {
				"north": {"uv": [6.5, 7.75, 6.75, 9], "texture": "#0"},
				"east": {"uv": [6.75, 7.75, 7, 9], "texture": "#0"},
				"south": {"uv": [7.75, 6.75, 8, 8], "texture": "#0"},
				"west": {"uv": [7, 7.75, 7.25, 9], "texture": "#0"},
				"up": {"uv": [9, 6.25, 8.75, 6], "texture": "#0"},
				"down": {"uv": [9, 6.25, 8.75, 6.5], "texture": "#0"}
			}
		},
		{
			"from": [12, 7, 3.4],
			"to": [12.6, 11.6, 4],
			"rotation": {"angle": 0, "axis": "y", "origin": [8, 6, 8]},
			"faces": {
				"north": {"uv": [7.25, 7.75, 7.5, 9], "texture": "#0"},
				"east": {"uv": [7.5, 7.75, 7.75, 9], "texture": "#0"},
				"south": {"uv": [0, 8, 0.25, 9.25], "texture": "#0"},
				"west": {"uv": [0.25, 8, 0.5, 9.25], "texture": "#0"},
				"up": {"uv": [9, 6.75, 8.75, 6.5], "texture": "#0"},
				"down": {"uv": [9, 6.75, 8.75, 7], "texture": "#0"}
			}
		},
		{
			"from": [4, 11, 3.4],
			"to": [12, 11.6, 4],
			"rotation": {"angle": 0, "axis": "y", "origin": [8, 6, 8]},
			"faces": {
				"north": {"uv": [6.25, 1.5, 8.25, 1.75], "texture": "#0"},
				"east": {"uv": [8.75, 7, 9, 7.25], "texture": "#0"},
				"south": {"uv": [6.25, 1.75, 8.25, 2], "texture": "#0"},
				"west": {"uv": [8.75, 7.25, 9, 7.5], "texture": "#0"},
				"up": {"uv": [8, 6.5, 6, 6.25], "texture": "#0"},
				"down": {"uv": [8.5, 2.25, 6.5, 2.5], "texture": "#0"}
			}
		},
		{
			"from": [3.1, 9.3, 4],
			"to": [3.2, 10.1, 12],
			"rotation": {"angle": 0, "axis": "y", "origin": [8, 10, 7.2]},
			"faces": {
				"north": {"uv": [7.75, 8.75, 8, 9], "texture": "#0"},
				"east": {"uv": [6.5, 2.5, 8.5, 2.75], "texture": "#0"},
				"south": {"uv": [8.75, 7.75, 9, 8], "texture": "#0"},
				"west": {"uv": [6.5, 2.75, 8.5, 3], "texture": "#0"},
				"up": {"uv": [2.75, 8.25, 2.5, 6.25], "texture": "#0"},
				"down": {"uv": [3, 6.25, 2.75, 8.25], "texture": "#0"}
			}
		},
		{
			"from": [12.8, 9.3, 4],
			"to": [12.9, 10.1, 12],
			"rotation": {"angle": 0, "axis": "y", "origin": [8, 10, 7.2]},
			"faces": {
				"north": {"uv": [8, 8.75, 8.25, 9], "texture": "#0"},
				"east": {"uv": [6.5, 3, 8.5, 3.25], "texture": "#0"},
				"south": {"uv": [8.75, 8, 9, 8.25], "texture": "#0"},
				"west": {"uv": [6.5, 3.25, 8.5, 3.5], "texture": "#0"},
				"up": {"uv": [3.25, 8.25, 3, 6.25], "texture": "#0"},
				"down": {"uv": [3.5, 6.25, 3.25, 8.25], "texture": "#0"}
			}
		},
		{
			"from": [12.6, 9.3, 3.4],
			"to": [12.7, 10.1, 3.7],
			"rotation": {"angle": 0, "axis": "y", "origin": [8, 10, 7.2]},
			"faces": {
				"north": {"uv": [8.75, 8.25, 9, 8.5], "texture": "#0"},
				"east": {"uv": [8.5, 8.75, 8.75, 9], "texture": "#0"},
				"south": {"uv": [8.75, 8.5, 9, 8.75], "texture": "#0"},
				"west": {"uv": [8.75, 8.75, 9, 9], "texture": "#0"},
				"up": {"uv": [9.25, 0.25, 9, 0], "texture": "#0"},
				"down": {"uv": [9.25, 0.25, 9, 0.5], "texture": "#0"}
			}
		},
		{
			"from": [12.7, 9.3, 3.7],
			"to": [12.8, 10.1, 4],
			"rotation": {"angle": 0, "axis": "y", "origin": [8, 10, 7.2]},
			"faces": {
				"north": {"uv": [9, 0.5, 9.25, 0.75], "texture": "#0"},
				"east": {"uv": [9, 0.75, 9.25, 1], "texture": "#0"},
				"south": {"uv": [1, 9, 1.25, 9.25], "texture": "#0"},
				"west": {"uv": [9, 1, 9.25, 1.25], "texture": "#0"},
				"up": {"uv": [1.5, 9.25, 1.25, 9], "texture": "#0"},
				"down": {"uv": [9.25, 1.25, 9, 1.5], "texture": "#0"}
			}
		},
		{
			"from": [3.3, 9.3, 3.4],
			"to": [3.4, 10.1, 3.7],
			"rotation": {"angle": 0, "axis": "y", "origin": [8, 10, 7.2]},
			"faces": {
				"north": {"uv": [1.5, 9, 1.75, 9.25], "texture": "#0"},
				"east": {"uv": [9, 1.5, 9.25, 1.75], "texture": "#0"},
				"south": {"uv": [1.75, 9, 2, 9.25], "texture": "#0"},
				"west": {"uv": [9, 1.75, 9.25, 2], "texture": "#0"},
				"up": {"uv": [2.25, 9.25, 2, 9], "texture": "#0"},
				"down": {"uv": [9.25, 2, 9, 2.25], "texture": "#0"}
			}
		},
		{
			"from": [3.2, 9.3, 3.7],
			"to": [3.3, 10.1, 4],
			"rotation": {"angle": 0, "axis": "y", "origin": [8, 10, 7.2]},
			"faces": {
				"north": {"uv": [2.25, 9, 2.5, 9.25], "texture": "#0"},
				"east": {"uv": [9, 2.25, 9.25, 2.5], "texture": "#0"},
				"south": {"uv": [2.5, 9, 2.75, 9.25], "texture": "#0"},
				"west": {"uv": [9, 2.5, 9.25, 2.75], "texture": "#0"},
				"up": {"uv": [3, 9.25, 2.75, 9], "texture": "#0"},
				"down": {"uv": [9.25, 2.75, 9, 3], "texture": "#0"}
			}
		},
		{
			"from": [12.8, 9.2, 6],
			"to": [13, 10.2, 6.1],
			"rotation": {"angle": 0, "axis": "y", "origin": [8, 10, 7.2]},
			"faces": {
				"north": {"uv": [3, 9, 3.25, 9.25], "texture": "#0"},
				"east": {"uv": [9, 3, 9.25, 3.25], "texture": "#0"},
				"south": {"uv": [3.25, 9, 3.5, 9.25], "texture": "#0"},
				"west": {"uv": [9, 3.25, 9.25, 3.5], "texture": "#0"},
				"up": {"uv": [3.75, 9.25, 3.5, 9], "texture": "#0"},
				"down": {"uv": [9.25, 3.5, 9, 3.75], "texture": "#0"}
			}
		},
		{
			"from": [12.8, 9.2, 6.5],
			"to": [13, 10.2, 6.6],
			"rotation": {"angle": 0, "axis": "y", "origin": [8, 10, 7.2]},
			"faces": {
				"north": {"uv": [3.75, 9, 4, 9.25], "texture": "#0"},
				"east": {"uv": [9, 3.75, 9.25, 4], "texture": "#0"},
				"south": {"uv": [4, 9, 4.25, 9.25], "texture": "#0"},
				"west": {"uv": [9, 4, 9.25, 4.25], "texture": "#0"},
				"up": {"uv": [4.5, 9.25, 4.25, 9], "texture": "#0"},
				"down": {"uv": [9.25, 4.25, 9, 4.5], "texture": "#0"}
			}
		},
		{
			"from": [12.8, 10.2, 6.1],
			"to": [13, 10.3, 6.5],
			"rotation": {"angle": 0, "axis": "y", "origin": [8, 10, 7.2]},
			"faces": {
				"north": {"uv": [4.5, 9, 4.75, 9.25], "texture": "#0"},
				"east": {"uv": [9, 4.5, 9.25, 4.75], "texture": "#0"},
				"south": {"uv": [4.75, 9, 5, 9.25], "texture": "#0"},
				"west": {"uv": [9, 4.75, 9.25, 5], "texture": "#0"},
				"up": {"uv": [5.25, 9.25, 5, 9], "texture": "#0"},
				"down": {"uv": [9.25, 5, 9, 5.25], "texture": "#0"}
			}
		},
		{
			"from": [12.8, 9.1, 6.1],
			"to": [13, 9.2, 6.5],
			"rotation": {"angle": 0, "axis": "y", "origin": [8, 10, 7.2]},
			"faces": {
				"north": {"uv": [5.25, 9, 5.5, 9.25], "texture": "#0"},
				"east": {"uv": [9, 5.25, 9.25, 5.5], "texture": "#0"},
				"south": {"uv": [5.5, 9, 5.75, 9.25], "texture": "#0"},
				"west": {"uv": [9, 5.5, 9.25, 5.75], "texture": "#0"},
				"up": {"uv": [6, 9.25, 5.75, 9], "texture": "#0"},
				"down": {"uv": [9.25, 5.75, 9, 6], "texture": "#0"}
			}
		},
		{
			"from": [3, 10.2, 6.1],
			"to": [3.2, 10.3, 6.5],
			"rotation": {"angle": 0, "axis": "y", "origin": [8, 10, 7.2]},
			"faces": {
				"north": {"uv": [6, 9, 6.25, 9.25], "texture": "#0"},
				"east": {"uv": [9, 6, 9.25, 6.25], "texture": "#0"},
				"south": {"uv": [6.25, 9, 6.5, 9.25], "texture": "#0"},
				"west": {"uv": [9, 6.25, 9.25, 6.5], "texture": "#0"},
				"up": {"uv": [6.75, 9.25, 6.5, 9], "texture": "#0"},
				"down": {"uv": [9.25, 6.5, 9, 6.75], "texture": "#0"}
			}
		},
		{
			"from": [3, 9.2, 6.5],
			"to": [3.2, 10.2, 6.6],
			"rotation": {"angle": 0, "axis": "y", "origin": [8, 10, 7.2]},
			"faces": {
				"north": {"uv": [6.75, 9, 7, 9.25], "texture": "#0"},
				"east": {"uv": [9, 6.75, 9.25, 7], "texture": "#0"},
				"south": {"uv": [7, 9, 7.25, 9.25], "texture": "#0"},
				"west": {"uv": [9, 7, 9.25, 7.25], "texture": "#0"},
				"up": {"uv": [7.5, 9.25, 7.25, 9], "texture": "#0"},
				"down": {"uv": [9.25, 7.25, 9, 7.5], "texture": "#0"}
			}
		},
		{
			"from": [3, 9.2, 6],
			"to": [3.2, 10.2, 6.1],
			"rotation": {"angle": 0, "axis": "y", "origin": [8, 10, 7.2]},
			"faces": {
				"north": {"uv": [7.5, 9, 7.75, 9.25], "texture": "#0"},
				"east": {"uv": [9, 7.5, 9.25, 7.75], "texture": "#0"},
				"south": {"uv": [7.75, 9, 8, 9.25], "texture": "#0"},
				"west": {"uv": [9, 7.75, 9.25, 8], "texture": "#0"},
				"up": {"uv": [8.25, 9.25, 8, 9], "texture": "#0"},
				"down": {"uv": [9.25, 8, 9, 8.25], "texture": "#0"}
			}
		},
		{
			"from": [4, 9.5, 2.8],
			"to": [4.3, 9.9, 2.9],
			"rotation": {"angle": 0, "axis": "y", "origin": [8, 10, 7.2]},
			"faces": {
				"north": {"uv": [8.25, 9, 8.5, 9.25], "texture": "#0"},
				"east": {"uv": [9, 8.25, 9.25, 8.5], "texture": "#0"},
				"south": {"uv": [8.5, 9, 8.75, 9.25], "texture": "#0"},
				"west": {"uv": [9, 8.5, 9.25, 8.75], "texture": "#0"},
				"up": {"uv": [9, 9.25, 8.75, 9], "texture": "#0"},
				"down": {"uv": [9.25, 8.75, 9, 9], "texture": "#0"}
			}
		},
		{
			"from": [4, 9.5, 2.9],
			"to": [4.1, 9.9, 3.1],
			"rotation": {"angle": 0, "axis": "y", "origin": [8, 10, 7.2]},
			"faces": {
				"north": {"uv": [9, 9, 9.25, 9.25], "texture": "#0"},
				"east": {"uv": [0, 9.25, 0.25, 9.5], "texture": "#0"},
				"south": {"uv": [9.25, 0, 9.5, 0.25], "texture": "#0"},
				"west": {"uv": [0.25, 9.25, 0.5, 9.5], "texture": "#0"},
				"up": {"uv": [9.5, 0.5, 9.25, 0.25], "texture": "#0"},
				"down": {"uv": [0.75, 9.25, 0.5, 9.5], "texture": "#0"}
			}
		},
		{
			"from": [3.7, 9.9, 3.1],
			"to": [3.9, 10, 3.2],
			"rotation": {"angle": 0, "axis": "y", "origin": [8, 10, 7.2]},
			"faces": {
				"north": {"uv": [9.25, 0.5, 9.5, 0.75], "texture": "#0"},
				"east": {"uv": [0.75, 9.25, 1, 9.5], "texture": "#0"},
				"south": {"uv": [9.25, 0.75, 9.5, 1], "texture": "#0"},
				"west": {"uv": [1, 9.25, 1.25, 9.5], "texture": "#0"},
				"up": {"uv": [9.5, 1.25, 9.25, 1], "texture": "#0"},
				"down": {"uv": [1.5, 9.25, 1.25, 9.5], "texture": "#0"}
			}
		},
		{
			"from": [3.9, 9.8, 3.1],
			"to": [4, 9.9, 3.2],
			"rotation": {"angle": 0, "axis": "y", "origin": [8, 10, 7.2]},
			"faces": {
				"north": {"uv": [9.25, 1.25, 9.5, 1.5], "texture": "#0"},
				"east": {"uv": [1.5, 9.25, 1.75, 9.5], "texture": "#0"},
				"south": {"uv": [9.25, 1.5, 9.5, 1.75], "texture": "#0"},
				"west": {"uv": [1.75, 9.25, 2, 9.5], "texture": "#0"},
				"up": {"uv": [9.5, 2, 9.25, 1.75], "texture": "#0"},
				"down": {"uv": [2.25, 9.25, 2, 9.5], "texture": "#0"}
			}
		},
		{
			"from": [3.7, 9.4, 3.1],
			"to": [3.9, 9.5, 3.2],
			"rotation": {"angle": 0, "axis": "y", "origin": [8, 10, 7.2]},
			"faces": {
				"north": {"uv": [9.25, 2, 9.5, 2.25], "texture": "#0"},
				"east": {"uv": [2.25, 9.25, 2.5, 9.5], "texture": "#0"},
				"south": {"uv": [9.25, 2.25, 9.5, 2.5], "texture": "#0"},
				"west": {"uv": [2.5, 9.25, 2.75, 9.5], "texture": "#0"},
				"up": {"uv": [9.5, 2.75, 9.25, 2.5], "texture": "#0"},
				"down": {"uv": [3, 9.25, 2.75, 9.5], "texture": "#0"}
			}
		},
		{
			"from": [3.9, 9.5, 3.1],
			"to": [4, 9.6, 3.2],
			"rotation": {"angle": 0, "axis": "y", "origin": [8, 10, 7.2]},
			"faces": {
				"north": {"uv": [9.25, 2.75, 9.5, 3], "texture": "#0"},
				"east": {"uv": [3, 9.25, 3.25, 9.5], "texture": "#0"},
				"south": {"uv": [9.25, 3, 9.5, 3.25], "texture": "#0"},
				"west": {"uv": [3.25, 9.25, 3.5, 9.5], "texture": "#0"},
				"up": {"uv": [9.5, 3.5, 9.25, 3.25], "texture": "#0"},
				"down": {"uv": [3.75, 9.25, 3.5, 9.5], "texture": "#0"}
			}
		},
		{
			"from": [3.5, 10, 3.2],
			"to": [3.7, 10.1, 3.3],
			"rotation": {"angle": 0, "axis": "y", "origin": [8, 10, 7.2]},
			"faces": {
				"north": {"uv": [9.25, 3.5, 9.5, 3.75], "texture": "#0"},
				"east": {"uv": [3.75, 9.25, 4, 9.5], "texture": "#0"},
				"south": {"uv": [9.25, 3.75, 9.5, 4], "texture": "#0"},
				"west": {"uv": [4, 9.25, 4.25, 9.5], "texture": "#0"},
				"up": {"uv": [9.5, 4.25, 9.25, 4], "texture": "#0"},
				"down": {"uv": [4.5, 9.25, 4.25, 9.5], "texture": "#0"}
			}
		},
		{
			"from": [3.5, 9.3, 3.2],
			"to": [3.7, 9.4, 3.3],
			"rotation": {"angle": 0, "axis": "y", "origin": [8, 10, 7.2]},
			"faces": {
				"north": {"uv": [9.25, 4.25, 9.5, 4.5], "texture": "#0"},
				"east": {"uv": [4.5, 9.25, 4.75, 9.5], "texture": "#0"},
				"south": {"uv": [9.25, 4.5, 9.5, 4.75], "texture": "#0"},
				"west": {"uv": [4.75, 9.25, 5, 9.5], "texture": "#0"},
				"up": {"uv": [9.5, 5, 9.25, 4.75], "texture": "#0"},
				"down": {"uv": [5.25, 9.25, 5, 9.5], "texture": "#0"}
			}
		},
		{
			"from": [3.4, 9.2, 3.3],
			"to": [3.5, 10.2, 3.4],
			"rotation": {"angle": 0, "axis": "y", "origin": [8, 10, 7.2]},
			"faces": {
				"north": {"uv": [9.25, 5, 9.5, 5.25], "texture": "#0"},
				"east": {"uv": [5.25, 9.25, 5.5, 9.5], "texture": "#0"},
				"south": {"uv": [9.25, 5.25, 9.5, 5.5], "texture": "#0"},
				"west": {"uv": [5.5, 9.25, 5.75, 9.5], "texture": "#0"},
				"up": {"uv": [9.5, 5.75, 9.25, 5.5], "texture": "#0"},
				"down": {"uv": [6, 9.25, 5.75, 9.5], "texture": "#0"}
			}
		},
		{
			"from": [3.3, 10.1, 3.3],
			"to": [3.4, 10.2, 3.5],
			"rotation": {"angle": 0, "axis": "y", "origin": [8, 10, 7.2]},
			"faces": {
				"north": {"uv": [9.25, 5.75, 9.5, 6], "texture": "#0"},
				"east": {"uv": [6, 9.25, 6.25, 9.5], "texture": "#0"},
				"south": {"uv": [9.25, 6, 9.5, 6.25], "texture": "#0"},
				"west": {"uv": [6.25, 9.25, 6.5, 9.5], "texture": "#0"},
				"up": {"uv": [9.5, 6.5, 9.25, 6.25], "texture": "#0"},
				"down": {"uv": [6.75, 9.25, 6.5, 9.5], "texture": "#0"}
			}
		},
		{
			"from": [3.3, 9.2, 3.3],
			"to": [3.4, 9.3, 3.5],
			"rotation": {"angle": 0, "axis": "y", "origin": [8, 10, 7.2]},
			"faces": {
				"north": {"uv": [9.25, 6.5, 9.5, 6.75], "texture": "#0"},
				"east": {"uv": [6.75, 9.25, 7, 9.5], "texture": "#0"},
				"south": {"uv": [9.25, 6.75, 9.5, 7], "texture": "#0"},
				"west": {"uv": [7, 9.25, 7.25, 9.5], "texture": "#0"},
				"up": {"uv": [9.5, 7.25, 9.25, 7], "texture": "#0"},
				"down": {"uv": [7.5, 9.25, 7.25, 9.5], "texture": "#0"}
			}
		},
		{
			"from": [11.7, 9.5, 2.8],
			"to": [12, 9.9, 2.9],
			"rotation": {"angle": 0, "axis": "y", "origin": [8, 10, 7.2]},
			"faces": {
				"north": {"uv": [9.25, 7.25, 9.5, 7.5], "texture": "#0"},
				"east": {"uv": [7.5, 9.25, 7.75, 9.5], "texture": "#0"},
				"south": {"uv": [9.25, 7.5, 9.5, 7.75], "texture": "#0"},
				"west": {"uv": [7.75, 9.25, 8, 9.5], "texture": "#0"},
				"up": {"uv": [9.5, 8, 9.25, 7.75], "texture": "#0"},
				"down": {"uv": [8.25, 9.25, 8, 9.5], "texture": "#0"}
			}
		},
		{
			"from": [11.9, 9.5, 2.9],
			"to": [12, 9.9, 3.1],
			"rotation": {"angle": 0, "axis": "y", "origin": [8, 10, 7.2]},
			"faces": {
				"north": {"uv": [9.25, 8, 9.5, 8.25], "texture": "#0"},
				"east": {"uv": [8.25, 9.25, 8.5, 9.5], "texture": "#0"},
				"south": {"uv": [9.25, 8.25, 9.5, 8.5], "texture": "#0"},
				"west": {"uv": [8.5, 9.25, 8.75, 9.5], "texture": "#0"},
				"up": {"uv": [9.5, 8.75, 9.25, 8.5], "texture": "#0"},
				"down": {"uv": [9, 9.25, 8.75, 9.5], "texture": "#0"}
			}
		},
		{
			"from": [12.3, 10, 3.2],
			"to": [12.5, 10.1, 3.3],
			"rotation": {"angle": 0, "axis": "y", "origin": [8, 10, 7.2]},
			"faces": {
				"north": {"uv": [9.25, 8.75, 9.5, 9], "texture": "#0"},
				"east": {"uv": [9, 9.25, 9.25, 9.5], "texture": "#0"},
				"south": {"uv": [9.25, 9, 9.5, 9.25], "texture": "#0"},
				"west": {"uv": [9.25, 9.25, 9.5, 9.5], "texture": "#0"},
				"up": {"uv": [0.25, 9.75, 0, 9.5], "texture": "#0"},
				"down": {"uv": [9.75, 0, 9.5, 0.25], "texture": "#0"}
			}
		},
		{
			"from": [12.6, 10.1, 3.3],
			"to": [12.7, 10.2, 3.5],
			"rotation": {"angle": 0, "axis": "y", "origin": [8, 10, 7.2]},
			"faces": {
				"north": {"uv": [0.25, 9.5, 0.5, 9.75], "texture": "#0"},
				"east": {"uv": [9.5, 0.25, 9.75, 0.5], "texture": "#0"},
				"south": {"uv": [0.5, 9.5, 0.75, 9.75], "texture": "#0"},
				"west": {"uv": [9.5, 0.5, 9.75, 0.75], "texture": "#0"},
				"up": {"uv": [1, 9.75, 0.75, 9.5], "texture": "#0"},
				"down": {"uv": [9.75, 0.75, 9.5, 1], "texture": "#0"}
			}
		},
		{
			"from": [12.5, 9.2, 3.3],
			"to": [12.6, 10.2, 3.4],
			"rotation": {"angle": 0, "axis": "y", "origin": [8, 10, 7.2]},
			"faces": {
				"north": {"uv": [1, 9.5, 1.25, 9.75], "texture": "#0"},
				"east": {"uv": [9.5, 1, 9.75, 1.25], "texture": "#0"},
				"south": {"uv": [1.25, 9.5, 1.5, 9.75], "texture": "#0"},
				"west": {"uv": [9.5, 1.25, 9.75, 1.5], "texture": "#0"},
				"up": {"uv": [1.75, 9.75, 1.5, 9.5], "texture": "#0"},
				"down": {"uv": [9.75, 1.5, 9.5, 1.75], "texture": "#0"}
			}
		},
		{
			"from": [12.6, 9.2, 3.3],
			"to": [12.7, 9.3, 3.5],
			"rotation": {"angle": 0, "axis": "y", "origin": [8, 10, 7.2]},
			"faces": {
				"north": {"uv": [1.75, 9.5, 2, 9.75], "texture": "#0"},
				"east": {"uv": [9.5, 1.75, 9.75, 2], "texture": "#0"},
				"south": {"uv": [2, 9.5, 2.25, 9.75], "texture": "#0"},
				"west": {"uv": [9.5, 2, 9.75, 2.25], "texture": "#0"},
				"up": {"uv": [2.5, 9.75, 2.25, 9.5], "texture": "#0"},
				"down": {"uv": [9.75, 2.25, 9.5, 2.5], "texture": "#0"}
			}
		},
		{
			"from": [12.3, 9.3, 3.2],
			"to": [12.5, 9.4, 3.3],
			"rotation": {"angle": 0, "axis": "y", "origin": [8, 10, 7.2]},
			"faces": {
				"north": {"uv": [2.5, 9.5, 2.75, 9.75], "texture": "#0"},
				"east": {"uv": [9.5, 2.5, 9.75, 2.75], "texture": "#0"},
				"south": {"uv": [2.75, 9.5, 3, 9.75], "texture": "#0"},
				"west": {"uv": [9.5, 2.75, 9.75, 3], "texture": "#0"},
				"up": {"uv": [3.25, 9.75, 3, 9.5], "texture": "#0"},
				"down": {"uv": [9.75, 3, 9.5, 3.25], "texture": "#0"}
			}
		},
		{
			"from": [12.1, 9.4, 3.1],
			"to": [12.3, 9.5, 3.2],
			"rotation": {"angle": 0, "axis": "y", "origin": [8, 10, 7.2]},
			"faces": {
				"north": {"uv": [3.25, 9.5, 3.5, 9.75], "texture": "#0"},
				"east": {"uv": [9.5, 3.25, 9.75, 3.5], "texture": "#0"},
				"south": {"uv": [3.5, 9.5, 3.75, 9.75], "texture": "#0"},
				"west": {"uv": [9.5, 3.5, 9.75, 3.75], "texture": "#0"},
				"up": {"uv": [4, 9.75, 3.75, 9.5], "texture": "#0"},
				"down": {"uv": [9.75, 3.75, 9.5, 4], "texture": "#0"}
			}
		},
		{
			"from": [12, 9.5, 3.1],
			"to": [12.1, 9.6, 3.2],
			"rotation": {"angle": 0, "axis": "y", "origin": [8, 10, 7.2]},
			"faces": {
				"north": {"uv": [4, 9.5, 4.25, 9.75], "texture": "#0"},
				"east": {"uv": [9.5, 4, 9.75, 4.25], "texture": "#0"},
				"south": {"uv": [4.25, 9.5, 4.5, 9.75], "texture": "#0"},
				"west": {"uv": [9.5, 4.25, 9.75, 4.5], "texture": "#0"},
				"up": {"uv": [4.75, 9.75, 4.5, 9.5], "texture": "#0"},
				"down": {"uv": [9.75, 4.5, 9.5, 4.75], "texture": "#0"}
			}
		},
		{
			"from": [12.1, 9.9, 3.1],
			"to": [12.3, 10, 3.2],
			"rotation": {"angle": 0, "axis": "y", "origin": [8, 10, 7.2]},
			"faces": {
				"north": {"uv": [4.75, 9.5, 5, 9.75], "texture": "#0"},
				"east": {"uv": [9.5, 4.75, 9.75, 5], "texture": "#0"},
				"south": {"uv": [5, 9.5, 5.25, 9.75], "texture": "#0"},
				"west": {"uv": [9.5, 5, 9.75, 5.25], "texture": "#0"},
				"up": {"uv": [5.5, 9.75, 5.25, 9.5], "texture": "#0"},
				"down": {"uv": [9.75, 5.25, 9.5, 5.5], "texture": "#0"}
			}
		},
		{
			"from": [12, 9.8, 3.1],
			"to": [12.1, 9.9, 3.2],
			"rotation": {"angle": 0, "axis": "y", "origin": [8, 10, 7.2]},
			"faces": {
				"north": {"uv": [5.5, 9.5, 5.75, 9.75], "texture": "#0"},
				"east": {"uv": [9.5, 5.5, 9.75, 5.75], "texture": "#0"},
				"south": {"uv": [5.75, 9.5, 6, 9.75], "texture": "#0"},
				"west": {"uv": [9.5, 5.75, 9.75, 6], "texture": "#0"},
				"up": {"uv": [6.25, 9.75, 6, 9.5], "texture": "#0"},
				"down": {"uv": [9.75, 6, 9.5, 6.25], "texture": "#0"}
			}
		},
		{
			"from": [3, 9.1, 6.1],
			"to": [3.2, 9.2, 6.5],
			"rotation": {"angle": 0, "axis": "y", "origin": [8, 10, 7.2]},
			"faces": {
				"north": {"uv": [6.25, 9.5, 6.5, 9.75], "texture": "#0"},
				"east": {"uv": [9.5, 6.25, 9.75, 6.5], "texture": "#0"},
				"south": {"uv": [6.5, 9.5, 6.75, 9.75], "texture": "#0"},
				"west": {"uv": [9.5, 6.5, 9.75, 6.75], "texture": "#0"},
				"up": {"uv": [7, 9.75, 6.75, 9.5], "texture": "#0"},
				"down": {"uv": [9.75, 6.75, 9.5, 7], "texture": "#0"}
			}
		},
		{
			"from": [3.9, 9.3, 12.6],
			"to": [4, 10.1, 12.8],
			"rotation": {"angle": 0, "axis": "y", "origin": [8, 10, 7.2]},
			"faces": {
				"north": {"uv": [7, 9.5, 7.25, 9.75], "texture": "#0"},
				"east": {"uv": [9.5, 7, 9.75, 7.25], "texture": "#0"},
				"south": {"uv": [7.25, 9.5, 7.5, 9.75], "texture": "#0"},
				"west": {"uv": [9.5, 7.25, 9.75, 7.5], "texture": "#0"},
				"up": {"uv": [7.75, 9.75, 7.5, 9.5], "texture": "#0"},
				"down": {"uv": [9.75, 7.5, 9.5, 7.75], "texture": "#0"}
			}
		},
		{
			"from": [3.3, 9.3, 12.1],
			"to": [3.4, 10.1, 12.6],
			"rotation": {"angle": 0, "axis": "y", "origin": [8, 10, 7.2]},
			"faces": {
				"north": {"uv": [7.75, 9.5, 8, 9.75], "texture": "#0"},
				"east": {"uv": [9.5, 7.75, 9.75, 8], "texture": "#0"},
				"south": {"uv": [8, 9.5, 8.25, 9.75], "texture": "#0"},
				"west": {"uv": [9.5, 8, 9.75, 8.25], "texture": "#0"},
				"up": {"uv": [8.5, 9.75, 8.25, 9.5], "texture": "#0"},
				"down": {"uv": [9.75, 8.25, 9.5, 8.5], "texture": "#0"}
			}
		},
		{
			"from": [12, 9.3, 12.6],
			"to": [12.1, 10.1, 12.8],
			"rotation": {"angle": 0, "axis": "y", "origin": [8, 10, 7.2]},
			"faces": {
				"north": {"uv": [8.5, 9.5, 8.75, 9.75], "texture": "#0"},
				"east": {"uv": [9.5, 8.5, 9.75, 8.75], "texture": "#0"},
				"south": {"uv": [8.75, 9.5, 9, 9.75], "texture": "#0"},
				"west": {"uv": [9.5, 8.75, 9.75, 9], "texture": "#0"},
				"up": {"uv": [9.25, 9.75, 9, 9.5], "texture": "#0"},
				"down": {"uv": [9.75, 9, 9.5, 9.25], "texture": "#0"}
			}
		},
		{
			"from": [12.6, 9.3, 12.1],
			"to": [12.7, 10.1, 12.6],
			"rotation": {"angle": 0, "axis": "y", "origin": [8, 10, 7.2]},
			"faces": {
				"north": {"uv": [9.25, 9.5, 9.5, 9.75], "texture": "#0"},
				"east": {"uv": [9.5, 9.25, 9.75, 9.5], "texture": "#0"},
				"south": {"uv": [9.5, 9.5, 9.75, 9.75], "texture": "#0"},
				"west": {"uv": [0, 9.75, 0.25, 10], "texture": "#0"},
				"up": {"uv": [10, 0.25, 9.75, 0], "texture": "#0"},
				"down": {"uv": [0.5, 9.75, 0.25, 10], "texture": "#0"}
			}
		},
		{
			"from": [3.2, 9.3, 12],
			"to": [3.4, 10.1, 12.1],
			"rotation": {"angle": 0, "axis": "y", "origin": [8, 10, 7.2]},
			"faces": {
				"north": {"uv": [9.75, 0.25, 10, 0.5], "texture": "#0"},
				"east": {"uv": [0.5, 9.75, 0.75, 10], "texture": "#0"},
				"south": {"uv": [9.75, 0.5, 10, 0.75], "texture": "#0"},
				"west": {"uv": [0.75, 9.75, 1, 10], "texture": "#0"},
				"up": {"uv": [10, 1, 9.75, 0.75], "texture": "#0"},
				"down": {"uv": [1.25, 9.75, 1, 10], "texture": "#0"}
			}
		},
		{
			"from": [3.4, 9.3, 12.6],
			"to": [3.9, 10.1, 12.7],
			"rotation": {"angle": 0, "axis": "y", "origin": [8, 10, 7.2]},
			"faces": {
				"north": {"uv": [9.75, 1, 10, 1.25], "texture": "#0"},
				"east": {"uv": [1.25, 9.75, 1.5, 10], "texture": "#0"},
				"south": {"uv": [9.75, 1.25, 10, 1.5], "texture": "#0"},
				"west": {"uv": [1.5, 9.75, 1.75, 10], "texture": "#0"},
				"up": {"uv": [10, 1.75, 9.75, 1.5], "texture": "#0"},
				"down": {"uv": [2, 9.75, 1.75, 10], "texture": "#0"}
			}
		},
		{
			"from": [12.6, 9.3, 12],
			"to": [12.8, 10.1, 12.1],
			"rotation": {"angle": 0, "axis": "y", "origin": [8, 10, 7.2]},
			"faces": {
				"north": {"uv": [9.75, 1.75, 10, 2], "texture": "#0"},
				"east": {"uv": [2, 9.75, 2.25, 10], "texture": "#0"},
				"south": {"uv": [9.75, 2, 10, 2.25], "texture": "#0"},
				"west": {"uv": [2.25, 9.75, 2.5, 10], "texture": "#0"},
				"up": {"uv": [10, 2.5, 9.75, 2.25], "texture": "#0"},
				"down": {"uv": [2.75, 9.75, 2.5, 10], "texture": "#0"}
			}
		},
		{
			"from": [12.1, 9.3, 12.6],
			"to": [12.6, 10.1, 12.7],
			"rotation": {"angle": 0, "axis": "y", "origin": [8, 10, 7.2]},
			"faces": {
				"north": {"uv": [9.75, 2.5, 10, 2.75], "texture": "#0"},
				"east": {"uv": [2.75, 9.75, 3, 10], "texture": "#0"},
				"south": {"uv": [9.75, 2.75, 10, 3], "texture": "#0"},
				"west": {"uv": [3, 9.75, 3.25, 10], "texture": "#0"},
				"up": {"uv": [10, 3.25, 9.75, 3], "texture": "#0"},
				"down": {"uv": [3.5, 9.75, 3.25, 10], "texture": "#0"}
			}
		},
		{
			"from": [4, 9.3, 12.8],
			"to": [12, 10.1, 12.9],
			"rotation": {"angle": 0, "axis": "y", "origin": [8, 10, 7.2]},
			"faces": {
				"north": {"uv": [6.5, 3.5, 8.5, 3.75], "texture": "#0"},
				"east": {"uv": [9.75, 3.25, 10, 3.5], "texture": "#0"},
				"south": {"uv": [6.5, 3.75, 8.5, 4], "texture": "#0"},
				"west": {"uv": [3.5, 9.75, 3.75, 10], "texture": "#0"},
				"up": {"uv": [8.5, 4.25, 6.5, 4], "texture": "#0"},
				"down": {"uv": [8, 6.5, 6, 6.75], "texture": "#0"}
			}
		},
		{
			"from": [7.72514, 7.90264, 2.76],
			"to": [8.05514, 9.38764, 2.87],
			"rotation": {"angle": 45, "axis": "z", "origin": [8, 9.8, 7.6]},
			"faces": {
				"north": {"uv": [9.75, 3.5, 10, 3.75], "texture": "#0"},
				"east": {"uv": [3.75, 9.75, 4, 10], "texture": "#0"},
				"south": {"uv": [9.75, 3.75, 10, 4], "texture": "#0"},
				"west": {"uv": [4, 9.75, 4.25, 10], "texture": "#0"},
				"up": {"uv": [10, 4.25, 9.75, 4], "texture": "#0"},
				"down": {"uv": [4.5, 9.75, 4.25, 10], "texture": "#0"}
			}
		},
		{
			"from": [7.94486, 7.90264, 2.76],
			"to": [8.27486, 9.36014, 2.87],
			"rotation": {"angle": -45, "axis": "z", "origin": [8, 9.8, 7.6]},
			"faces": {
				"north": {"uv": [9.75, 4.25, 10, 4.5], "texture": "#0"},
				"east": {"uv": [4.5, 9.75, 4.75, 10], "texture": "#0"},
				"south": {"uv": [9.75, 4.5, 10, 4.75], "texture": "#0"},
				"west": {"uv": [4.75, 9.75, 5, 10], "texture": "#0"},
				"up": {"uv": [10, 5, 9.75, 4.75], "texture": "#0"},
				"down": {"uv": [5.25, 9.75, 5, 10], "texture": "#0"}
			}
		},
		{
			"from": [4.98673, 7.47827, 2.76],
			"to": [5.31673, 8.19327, 2.87],
			"rotation": {"angle": -45, "axis": "z", "origin": [8, 9.8, 7.6]},
			"faces": {
				"north": {"uv": [9.75, 5, 10, 5.25], "texture": "#0"},
				"east": {"uv": [5.25, 9.75, 5.5, 10], "texture": "#0"},
				"south": {"uv": [9.75, 5.25, 10, 5.5], "texture": "#0"},
				"west": {"uv": [5.5, 9.75, 5.75, 10], "texture": "#0"},
				"up": {"uv": [10, 5.75, 9.75, 5.5], "texture": "#0"},
				"down": {"uv": [6, 9.75, 5.75, 10], "texture": "#0"}
			}
		},
		{
			"from": [10.68327, 7.53327, 2.76],
			"to": [11.01327, 8.16577, 2.87],
			"rotation": {"angle": 45, "axis": "z", "origin": [8, 9.8, 7.6]},
			"faces": {
				"north": {"uv": [9.75, 5.75, 10, 6], "texture": "#0"},
				"east": {"uv": [6, 9.75, 6.25, 10], "texture": "#0"},
				"south": {"uv": [9.75, 6, 10, 6.25], "texture": "#0"},
				"west": {"uv": [6.25, 9.75, 6.5, 10], "texture": "#0"},
				"up": {"uv": [10, 6.5, 9.75, 6.25], "texture": "#0"},
				"down": {"uv": [6.75, 9.75, 6.5, 10], "texture": "#0"}
			}
		},
		{
			"from": [8.04327, 10.33827, 2.76],
			"to": [8.40077, 10.69577, 2.87],
			"rotation": {"angle": 45, "axis": "z", "origin": [8, 9.8, 7.6]},
			"faces": {
				"north": {"uv": [9.75, 6.5, 10, 6.75], "texture": "#0"},
				"east": {"uv": [6.75, 9.75, 7, 10], "texture": "#0"},
				"south": {"uv": [9.75, 6.75, 10, 7], "texture": "#0"},
				"west": {"uv": [7, 9.75, 7.25, 10], "texture": "#0"},
				"up": {"uv": [10, 7.25, 9.75, 7], "texture": "#0"},
				"down": {"uv": [7.5, 9.75, 7.25, 10], "texture": "#0"}
			}
		},
		{
			"from": [7.59923, 10.33827, 2.76],
			"to": [7.95673, 10.69577, 2.87],
			"rotation": {"angle": -45, "axis": "z", "origin": [8, 9.8, 7.6]},
			"faces": {
				"north": {"uv": [9.75, 7.25, 10, 7.5], "texture": "#0"},
				"east": {"uv": [7.5, 9.75, 7.75, 10], "texture": "#0"},
				"south": {"uv": [9.75, 7.5, 10, 7.75], "texture": "#0"},
				"west": {"uv": [7.75, 9.75, 8, 10], "texture": "#0"},
				"up": {"uv": [10, 8, 9.75, 7.75], "texture": "#0"},
				"down": {"uv": [8.25, 9.75, 8, 10], "texture": "#0"}
			}
		},
		{
			"from": [4.59466, 11.03312, 2.76],
			"to": [4.92466, 11.72062, 2.87],
			"rotation": {"angle": 45, "axis": "z", "origin": [8, 9.8, 7.6]},
			"faces": {
				"north": {"uv": [9.75, 8, 10, 8.25], "texture": "#0"},
				"east": {"uv": [8.25, 9.75, 8.5, 10], "texture": "#0"},
				"south": {"uv": [9.75, 8.25, 10, 8.5], "texture": "#0"},
				"west": {"uv": [8.5, 9.75, 8.75, 10], "texture": "#0"},
				"up": {"uv": [10, 8.75, 9.75, 8.5], "texture": "#0"},
				"down": {"uv": [9, 9.75, 8.75, 10], "texture": "#0"}
			}
		},
		{
			"from": [11.07534, 11.03312, 2.76],
			"to": [11.40534, 11.69312, 2.87],
			"rotation": {"angle": -45, "axis": "z", "origin": [8, 9.8, 7.6]},
			"faces": {
				"north": {"uv": [9.75, 8.75, 10, 9], "texture": "#0"},
				"east": {"uv": [9, 9.75, 9.25, 10], "texture": "#0"},
				"south": {"uv": [9.75, 9, 10, 9.25], "texture": "#0"},
				"west": {"uv": [9.25, 9.75, 9.5, 10], "texture": "#0"},
				"up": {"uv": [10, 9.5, 9.75, 9.25], "texture": "#0"},
				"down": {"uv": [9.75, 9.75, 9.5, 10], "texture": "#0"}
			}
		},
		{
			"from": [4.7275, 8.26, 2.76],
			"to": [6.845, 8.59, 2.87],
			"rotation": {"angle": 0, "axis": "y", "origin": [8, 9.8, 7.6]},
			"faces": {
				"north": {"uv": [2.25, 8.25, 2.75, 8.5], "texture": "#0"},
				"east": {"uv": [9.75, 9.5, 10, 9.75], "texture": "#0"},
				"south": {"uv": [2.75, 8.25, 3.25, 8.5], "texture": "#0"},
				"west": {"uv": [9.75, 9.75, 10, 10], "texture": "#0"},
				"up": {"uv": [8.75, 6.25, 8.25, 6], "texture": "#0"},
				"down": {"uv": [8.75, 6.25, 8.25, 6.5], "texture": "#0"}
			}
		},
		{
			"from": [9.155, 8.26, 2.76],
			"to": [11.2725, 8.59, 2.87],
			"rotation": {"angle": 0, "axis": "y", "origin": [8, 9.8, 7.6]},
			"faces": {
				"north": {"uv": [8.25, 6.5, 8.75, 6.75], "texture": "#0"},
				"east": {"uv": [0, 10, 0.25, 10.25], "texture": "#0"},
				"south": {"uv": [8.25, 6.75, 8.75, 7], "texture": "#0"},
				"west": {"uv": [10, 0, 10.25, 0.25], "texture": "#0"},
				"up": {"uv": [8.75, 7.25, 8.25, 7], "texture": "#0"},
				"down": {"uv": [8.75, 7.25, 8.25, 7.5], "texture": "#0"}
			}
		},
		{
			"from": [8.44, 10.46, 2.76],
			"to": [11.2725, 10.79, 2.87],
			"rotation": {"angle": 0, "axis": "y", "origin": [8, 9.8, 7.6]},
			"faces": {
				"north": {"uv": [8, 2, 8.75, 2.25], "texture": "#0"},
				"east": {"uv": [0.25, 10, 0.5, 10.25], "texture": "#0"},
				"south": {"uv": [8, 4.25, 8.75, 4.5], "texture": "#0"},
				"west": {"uv": [10, 0.25, 10.25, 0.5], "texture": "#0"},
				"up": {"uv": [8.75, 4.75, 8, 4.5], "texture": "#0"},
				"down": {"uv": [8.75, 4.75, 8, 5], "texture": "#0"}
			}
		},
		{
			"from": [4.7275, 10.46, 2.76],
			"to": [7.56, 10.79, 2.87],
			"rotation": {"angle": 0, "axis": "y", "origin": [8, 9.8, 7.6]},
			"faces": {
				"north": {"uv": [8, 5, 8.75, 5.25], "texture": "#0"},
				"east": {"uv": [0.5, 10, 0.75, 10.25], "texture": "#0"},
				"south": {"uv": [8, 5.25, 8.75, 5.5], "texture": "#0"},
				"west": {"uv": [10, 0.5, 10.25, 0.75], "texture": "#0"},
				"up": {"uv": [8.75, 5.75, 8, 5.5], "texture": "#0"},
				"down": {"uv": [8.75, 5.75, 8, 6], "texture": "#0"}
			}
		},
		{
			"from": [7.56, 10.57, 2.76],
			"to": [8.44, 10.79, 2.87],
			"rotation": {"angle": 0, "axis": "y", "origin": [8, 9.8, 7.6]},
			"faces": {
				"north": {"uv": [0.75, 10, 1, 10.25], "texture": "#0"},
				"east": {"uv": [10, 0.75, 10.25, 1], "texture": "#0"},
				"south": {"uv": [1, 10, 1.25, 10.25], "texture": "#0"},
				"west": {"uv": [10, 1, 10.25, 1.25], "texture": "#0"},
				"up": {"uv": [1.5, 10.25, 1.25, 10], "texture": "#0"},
				"down": {"uv": [10.25, 1.25, 10, 1.5], "texture": "#0"}
			}
		},
		{
			"from": [8.11, 9.305, 2.76],
			"to": [8.44, 10.46, 2.87],
			"rotation": {"angle": 0, "axis": "y", "origin": [8, 9.8, 7.6]},
			"faces": {
				"north": {"uv": [1.5, 10, 1.75, 10.25], "texture": "#0"},
				"east": {"uv": [10, 1.5, 10.25, 1.75], "texture": "#0"},
				"south": {"uv": [1.75, 10, 2, 10.25], "texture": "#0"},
				"west": {"uv": [10, 1.75, 10.25, 2], "texture": "#0"},
				"up": {"uv": [2.25, 10.25, 2, 10], "texture": "#0"},
				"down": {"uv": [10.25, 2, 10, 2.25], "texture": "#0"}
			}
		},
		{
			"from": [7.56, 9.305, 2.76],
			"to": [7.89, 10.46, 2.87],
			"rotation": {"angle": 0, "axis": "y", "origin": [8, 9.8, 7.6]},
			"faces": {
				"north": {"uv": [2.25, 10, 2.5, 10.25], "texture": "#0"},
				"east": {"uv": [10, 2.25, 10.25, 2.5], "texture": "#0"},
				"south": {"uv": [2.5, 10, 2.75, 10.25], "texture": "#0"},
				"west": {"uv": [10, 2.5, 10.25, 2.75], "texture": "#0"},
				"up": {"uv": [3, 10.25, 2.75, 10], "texture": "#0"},
				"down": {"uv": [10.25, 2.75, 10, 3], "texture": "#0"}
			}
		},
		{
			"from": [4.2325, 8.755, 2.76],
			"to": [4.5625, 10.295, 2.87],
			"rotation": {"angle": 0, "axis": "y", "origin": [8, 9.8, 7.6]},
			"faces": {
				"north": {"uv": [3.25, 8.25, 3.5, 8.75], "texture": "#0"},
				"east": {"uv": [8.25, 7.5, 8.5, 8], "texture": "#0"},
				"south": {"uv": [8.25, 8, 8.5, 8.5], "texture": "#0"},
				"west": {"uv": [8.5, 0, 8.75, 0.5], "texture": "#0"},
				"up": {"uv": [3.25, 10.25, 3, 10], "texture": "#0"},
				"down": {"uv": [10.25, 3, 10, 3.25], "texture": "#0"}
			}
		},
		{
			"from": [11.41, 8.7275, 2.76],
			"to": [11.74, 10.3225, 2.87],
			"rotation": {"angle": 0, "axis": "y", "origin": [8, 9.8, 7.6]},
			"faces": {
				"north": {"uv": [8.5, 0.5, 8.75, 1], "texture": "#0"},
				"east": {"uv": [8.5, 1, 8.75, 1.5], "texture": "#0"},
				"south": {"uv": [8.5, 1.5, 8.75, 2], "texture": "#0"},
				"west": {"uv": [2.25, 8.5, 2.5, 9], "texture": "#0"},
				"up": {"uv": [3.5, 10.25, 3.25, 10], "texture": "#0"},
				"down": {"uv": [10.25, 3.25, 10, 3.5], "texture": "#0"}
			}
		},
		{
			"from": [4.6725, 8.15, 2.87],
			"to": [6.9, 8.7, 3.2],
			"rotation": {"angle": 0, "axis": "y", "origin": [8, 9.8, 7.6]},
			"faces": {
				"north": {"uv": [8.5, 2.25, 9, 2.5], "texture": "#0"},
				"east": {"uv": [3.5, 10, 3.75, 10.25], "texture": "#0"},
				"south": {"uv": [2.5, 8.5, 3, 8.75], "texture": "#0"},
				"west": {"uv": [10, 3.5, 10.25, 3.75], "texture": "#0"},
				"up": {"uv": [9, 2.75, 8.5, 2.5], "texture": "#0"},
				"down": {"uv": [9, 2.75, 8.5, 3], "texture": "#0"}
			}
		},
		{
			"from": [7.61514, 7.84764, 2.87],
			"to": [8.16514, 9.38764, 3.2],
			"rotation": {"angle": 45, "axis": "z", "origin": [8, 9.8, 7.6]},
			"faces": {
				"north": {"uv": [3, 8.5, 3.25, 9], "texture": "#0"},
				"east": {"uv": [8.5, 3, 8.75, 3.5], "texture": "#0"},
				"south": {"uv": [8.5, 3.5, 8.75, 4], "texture": "#0"},
				"west": {"uv": [4, 8.5, 4.25, 9], "texture": "#0"},
				"up": {"uv": [4, 10.25, 3.75, 10], "texture": "#0"},
				"down": {"uv": [10.25, 3.75, 10, 4], "texture": "#0"}
			}
		},
		{
			"from": [7.83486, 7.84764, 2.87],
			"to": [8.38486, 9.38764, 3.2],
			"rotation": {"angle": -45, "axis": "z", "origin": [8, 9.8, 7.6]},
			"faces": {
				"north": {"uv": [4.25, 8.5, 4.5, 9], "texture": "#0"},
				"east": {"uv": [4.5, 8.5, 4.75, 9], "texture": "#0"},
				"south": {"uv": [4.75, 8.5, 5, 9], "texture": "#0"},
				"west": {"uv": [5, 8.5, 5.25, 9], "texture": "#0"},
				"up": {"uv": [4.25, 10.25, 4, 10], "texture": "#0"},
				"down": {"uv": [10.25, 4, 10, 4.25], "texture": "#0"}
			}
		},
		{
			"from": [9.1, 8.15, 2.87],
			"to": [11.3, 8.7, 3.2],
			"rotation": {"angle": 0, "axis": "y", "origin": [8, 9.8, 7.6]},
			"faces": {
				"north": {"uv": [8.5, 4, 9, 4.25], "texture": "#0"},
				"east": {"uv": [4.25, 10, 4.5, 10.25], "texture": "#0"},
				"south": {"uv": [5.25, 8.5, 5.75, 8.75], "texture": "#0"},
				"west": {"uv": [10, 4.25, 10.25, 4.5], "texture": "#0"},
				"up": {"uv": [9, 7.75, 8.5, 7.5], "texture": "#0"},
				"down": {"uv": [8.25, 8.5, 7.75, 8.75], "texture": "#0"}
			}
		},
		{
			"from": [4.7, 10.35, 2.87],
			"to": [11.3, 10.9, 3.2],
			"rotation": {"angle": 0, "axis": "y", "origin": [8, 9.8, 7.6]},
			"faces": {
				"north": {"uv": [6, 6.75, 7.75, 7], "texture": "#0"},
				"east": {"uv": [4.5, 10, 4.75, 10.25], "texture": "#0"},
				"south": {"uv": [6, 7, 7.75, 7.25], "texture": "#0"},
				"west": {"uv": [10, 4.5, 10.25, 4.75], "texture": "#0"},
				"up": {"uv": [7.75, 7.5, 6, 7.25], "texture": "#0"},
				"down": {"uv": [7.75, 7.5, 6, 7.75], "texture": "#0"}
			}
		},
		{
			"from": [7.45, 8.9225, 2.87],
			"to": [8.55, 10.35, 3.2],
			"rotation": {"angle": 0, "axis": "y", "origin": [8, 9.8, 7.6]},
			"faces": {
				"north": {"uv": [4.75, 10, 5, 10.25], "texture": "#0"},
				"east": {"uv": [10, 4.75, 10.25, 5], "texture": "#0"},
				"south": {"uv": [5, 10, 5.25, 10.25], "texture": "#0"},
				"west": {"uv": [10, 5, 10.25, 5.25], "texture": "#0"},
				"up": {"uv": [5.5, 10.25, 5.25, 10], "texture": "#0"},
				"down": {"uv": [10.25, 5.25, 10, 5.5], "texture": "#0"}
			}
		},
		{
			"from": [4.1225, 8.7, 2.87],
			"to": [4.6725, 10.35, 3.2],
			"rotation": {"angle": 0, "axis": "y", "origin": [8, 9.8, 7.6]},
			"faces": {
				"north": {"uv": [5.75, 8.5, 6, 9], "texture": "#0"},
				"east": {"uv": [8.5, 7.75, 8.75, 8.25], "texture": "#0"},
				"south": {"uv": [8.25, 8.5, 8.5, 9], "texture": "#0"},
				"west": {"uv": [8.5, 8.25, 8.75, 8.75], "texture": "#0"},
				"up": {"uv": [5.75, 10.25, 5.5, 10], "texture": "#0"},
				"down": {"uv": [10.25, 5.5, 10, 5.75], "texture": "#0"}
			}
		},
		{
			"from": [11.3, 8.7, 2.87],
			"to": [11.85, 10.35, 3.2],
			"rotation": {"angle": 0, "axis": "y", "origin": [8, 9.8, 7.6]},
			"faces": {
				"north": {"uv": [8.75, 0, 9, 0.5], "texture": "#0"},
				"east": {"uv": [0.5, 8.75, 0.75, 9.25], "texture": "#0"},
				"south": {"uv": [8.75, 0.5, 9, 1], "texture": "#0"},
				"west": {"uv": [0.75, 8.75, 1, 9.25], "texture": "#0"},
				"up": {"uv": [6, 10.25, 5.75, 10], "texture": "#0"},
				"down": {"uv": [10.25, 5.75, 10, 6], "texture": "#0"}
			}
		},
		{
			"from": [4.87673, 7.45077, 2.87],
			"to": [5.42673, 8.24827, 3.2],
			"rotation": {"angle": -45, "axis": "z", "origin": [8, 9.8, 7.6]},
			"faces": {
				"north": {"uv": [6, 10, 6.25, 10.25], "texture": "#0"},
				"east": {"uv": [10, 6, 10.25, 6.25], "texture": "#0"},
				"south": {"uv": [6.25, 10, 6.5, 10.25], "texture": "#0"},
				"west": {"uv": [10, 6.25, 10.25, 6.5], "texture": "#0"},
				"up": {"uv": [6.75, 10.25, 6.5, 10], "texture": "#0"},
				"down": {"uv": [10.25, 6.5, 10, 6.75], "texture": "#0"}
			}
		},
		{
			"from": [10.95423, 10.97077, 2.87],
			"to": [11.50423, 11.74077, 3.2],
			"rotation": {"angle": -45, "axis": "z", "origin": [8, 9.8, 7.6]},
			"faces": {
				"north": {"uv": [6.75, 10, 7, 10.25], "texture": "#0"},
				"east": {"uv": [10, 6.75, 10.25, 7], "texture": "#0"},
				"south": {"uv": [7, 10, 7.25, 10.25], "texture": "#0"},
				"west": {"uv": [10, 7, 10.25, 7.25], "texture": "#0"},
				"up": {"uv": [7.5, 10.25, 7.25, 10], "texture": "#0"},
				"down": {"uv": [10.25, 7.25, 10, 7.5], "texture": "#0"}
			}
		},
		{
			"from": [10.55764, 7.46264, 2.87],
			"to": [11.10764, 8.23264, 3.2],
			"rotation": {"angle": 45, "axis": "z", "origin": [8, 9.8, 7.6]},
			"faces": {
				"north": {"uv": [7.5, 10, 7.75, 10.25], "texture": "#0"},
				"east": {"uv": [10, 7.5, 10.25, 7.75], "texture": "#0"},
				"south": {"uv": [7.75, 10, 8, 10.25], "texture": "#0"},
				"west": {"uv": [10, 7.75, 10.25, 8], "texture": "#0"},
				"up": {"uv": [8.25, 10.25, 8, 10], "texture": "#0"},
				"down": {"uv": [10.25, 8, 10, 8.25], "texture": "#0"}
			}
		},
		{
			"from": [4.48466, 10.97812, 2.87],
			"to": [5.03466, 11.77562, 3.2],
			"rotation": {"angle": 45, "axis": "z", "origin": [8, 9.8, 7.6]},
			"faces": {
				"north": {"uv": [8.25, 10, 8.5, 10.25], "texture": "#0"},
				"east": {"uv": [10, 8.25, 10.25, 8.5], "texture": "#0"},
				"south": {"uv": [8.5, 10, 8.75, 10.25], "texture": "#0"},
				"west": {"uv": [10, 8.5, 10.25, 8.75], "texture": "#0"},
				"up": {"uv": [9, 10.25, 8.75, 10], "texture": "#0"},
				"down": {"uv": [10.25, 8.75, 10, 9], "texture": "#0"}
			}
		}
	],
	"display": {
		"thirdperson_righthand": {
			"rotation": [68, 0, 0],
			"translation": [0, 0, -1.5],
			"scale": [0.6, 0.6, 0.6]
		},
		"thirdperson_lefthand": {
			"rotation": [68, 0, 0],
			"translation": [0, 0, -1.5],
			"scale": [0.6, 0.6, 0.6]
		},
		"firstperson_righthand": {
			"rotation": [0, 90, 0],
			"translation": [0, 1.5, 0],
			"scale": [0.6, 0.6, 0.6]
		},
		"firstperson_lefthand": {
			"rotation": [0, 90, 0],
			"translation": [0, 1.5, 0],
			"scale": [0.6, 0.6, 0.6]
		},
		"ground": {
			"translation": [0, 2.75, 0],
			"scale": [0.6, 0.6, 0.6]
		},
		"gui": {
			"rotation": [0, 162, 0],
			"translation": [0, 3, 0],
			"scale": [0.9, 0.9, 0.9]
		},
		"head": {
			"translation": [0, 4, 0],
			"scale": [1.6, 1.6, 1.6]
		},
		"fixed": {
			"translation": [0, 2.5, -0.75]
		}
	},
	"groups": [
		{
			"name": "aviator helmet",
			"origin": [8, 8, 8],
			"color": 0,
			"children": [
				{
					"name": "helmet",
					"origin": [8, 8, 8],
					"color": 0,
					"children": [0, 1, 2, 3, 4, 5, 6, 7, 8, 9, 10, 11, 12, 13, 14, 15, 16, 17, 18, 19]
				},
				{
					"name": "goggles",
					"origin": [8, 8, 8],
					"color": 0,
					"children": [
						{
							"name": "goggles",
							"origin": [8, 8, 8],
							"color": 0,
							"children": [
								{
									"name": "strap",
									"origin": [8, 5.8, 8.4],
									"color": 0,
									"children": [20, 21, 22, 23, 24, 25, 26, 27, 28, 29, 30, 31, 32, 33, 34, 35, 36, 37, 38, 39, 40, 41, 42, 43, 44, 45, 46, 47, 48, 49, 50, 51, 52, 53, 54, 55, 56, 57, 58, 59, 60, 61, 62, 63, 64]
								}, 65, 66, 67, 68, 69, 70, 71, 72, 73, 74, 75, 76, 77, 78, 79, 80, 81]
						}, 82, 83, 84, 85, 86, 87, 88, 89, 90, 91, 92, 93]
				}
			]
		}
	]
}