{
    "credit": "Made by LiteHorizon using Blockbench", 
    "texture_size": [
        64, 
        64
    ], 
    "textures": {
        "main": "custom:item/creeper_walk_animation"
    }, 
    "elements": [
        {
            "name": "body", 
            "from": [ 4, 6, 6 ], 
            "to":   [ 12, 18, 10 ], 
            "rotation": { "angle": 0, "axis": "y", "origin": [8, 0, 8] }, 
            "faces": {
                "north": { "uv": [ 0.5, 2.5, 1.5, 4 ], "texture": "#main" }, 
                "east":  { "uv": [ 0, 2.5, 0.5, 4 ], "texture": "#main" }, 
                "south": { "uv": [ 2, 2.5, 3, 4 ], "texture": "#main" }, 
                "west":  { "uv": [ 1.5, 2.5, 2, 4 ], "texture": "#main" }, 
                "up":    { "uv": [ 1.5, 2.5, 0.5, 2 ], "texture": "#main" }, 
                "down":  { "uv": [ 2.5, 2, 1.5, 2.5 ], "texture": "#main" }
            }
        }, 
        {
            "name": "head", 
            "from": [ 4, 18, 4 ], 
            "to":   [ 12, 26, 12 ], 
            "rotation": { "angle": 0, "axis": "y", "origin": [8, 0, 8] }, 
            "faces": {
                "north": { "uv": [ 1, 1, 2, 2 ], "texture": "#main" }, 
                "east":  { "uv": [ 0, 1, 1, 2 ], "texture": "#main" }, 
                "south": { "uv": [ 3, 1, 4, 2 ], "texture": "#main" }, 
                "west":  { "uv": [ 2, 1, 3, 2 ], "texture": "#main" }, 
                "up":    { "uv": [ 2, 1, 1, 0 ], "texture": "#main" }, 
                "down":  { "uv": [ 3, 0, 2, 1 ], "texture": "#main" }
            }
        }, 
        {
            "name": "leg0", 
            "from": [ 4, 0, 10 ], 
            "to":   [ 8, 6, 14 ], 
            "rotation": { "angle": 0, "axis": "y", "origin": [8, 0, 8] }, 
            "faces": {
                "north": { "uv": [ 4.5, 0.5, 5, 1.25 ], "texture": "#main" }, 
                "east":  { "uv": [ 4, 0.5, 4.5, 1.25 ], "texture": "#main" }, 
                "south": { "uv": [ 5.5, 0.5, 6, 1.25 ], "texture": "#main" }, 
                "west":  { "uv": [ 5, 0.5, 5.5, 1.25 ], "texture": "#main" }, 
                "up":    { "uv": [ 5, 0.5, 4.5, 0 ], "texture": "#main" }, 
                "down":  { "uv": [ 5.5, 0, 5, 0.5 ], "texture": "#main" }
            }
        }, 
        {
            "name": "leg1", 
            "from": [ 8, 0, 10 ], 
            "to":   [ 12, 6, 14 ], 
            "rotation": { "angle": 0, "axis": "y", "origin": [8, 0, 8] }, 
            "faces": {
                "north": { "uv": [ 0.5, 4.5, 1, 5.25 ], "texture": "#main" }, 
                "east":  { "uv": [ 0, 4.5, 0.5, 5.25 ], "texture": "#main" }, 
                "south": { "uv": [ 1.5, 4.5, 2, 5.25 ], "texture": "#main" }, 
                "west":  { "uv": [ 1, 4.5, 1.5, 5.25 ], "texture": "#main" }, 
                "up":    { "uv": [ 1, 4.5, 0.5, 4 ], "texture": "#main" }, 
                "down":  { "uv": [ 1.5, 4, 1, 4.5 ], "texture": "#main" }
            }
        }, 
        {
            "name": "leg2", 
            "from": [ 4, 0, 2 ], 
            "to":   [ 8, 6, 6 ], 
            "rotation": { "angle": 0, "axis": "y", "origin": [8, 0, 8] }, 
            "faces": {
                "north": { "uv": [ 3.5, 3.75, 4, 4.5 ], "texture": "#main" }, 
                "east":  { "uv": [ 3, 3.75, 3.5, 4.5 ], "texture": "#main" }, 
                "south": { "uv": [ 4.5, 3.75, 5, 4.5 ], "texture": "#main" }, 
                "west":  { "uv": [ 4, 3.75, 4.5, 4.5 ], "texture": "#main" }, 
                "up":    { "uv": [ 4, 3.75, 3.5, 3.25 ], "texture": "#main" }, 
                "down":  { "uv": [ 4.5, 3.25, 4, 3.75 ], "texture": "#main" }
            }
        }, 
        {
            "name": "leg3", 
            "from": [ 8, 0, 2 ], 
            "to":   [ 12, 6, 6 ], 
            "rotation": { "angle": 0, "axis": "y", "origin": [8, 0, 8] }, 
            "faces": {
                "north": { "uv": [ 3.5, 2.5, 4, 3.25 ], "texture": "#main" }, 
                "east":  { "uv": [ 3, 2.5, 3.5, 3.25 ], "texture": "#main" }, 
                "south": { "uv": [ 4.5, 2.5, 5, 3.25 ], "texture": "#main" }, 
                "west":  { "uv": [ 4, 2.5, 4.5, 3.25 ], "texture": "#main" }, 
                "up":    { "uv": [ 4, 2.5, 3.5, 2 ], "texture": "#main" }, 
                "down":  { "uv": [ 4.5, 2, 4, 2.5 ], "texture": "#main" }
            }
        }, 
        {
            "name": "body", 
            "from": [ 4, 6, 6 ], 
            "to":   [ 12, 18, 10 ], 
            "rotation": { "angle": 0, "axis": "y", "origin": [8, 0, 8] }, 
            "faces": {
                "north": { "uv": [ 8.5, 2.5, 9.5, 4 ], "texture": "#main" }, 
                "east":  { "uv": [ 8, 2.5, 8.5, 4 ], "texture": "#main" }, 
                "south": { "uv": [ 10, 2.5, 11, 4 ], "texture": "#main" }, 
                "west":  { "uv": [ 9.5, 2.5, 10, 4 ], "texture": "#main" }, 
                "up":    { "uv": [ 9.5, 2.5, 8.5, 2 ], "texture": "#main" }, 
                "down":  { "uv": [ 10.5, 2, 9.5, 2.5 ], "texture": "#main" }
            }
        }, 
        {
            "name": "head", 
            "from": [ 4, 18, 4 ], 
            "to":   [ 12, 26, 12 ], 
            "rotation": { "angle": 0, "axis": "y", "origin": [8, 0, 8] }, 
            "faces": {
                "north": { "uv": [ 9, 1, 10, 2 ], "texture": "#main" }, 
                "east":  { "uv": [ 8, 1, 9, 2 ], "texture": "#main" }, 
                "south": { "uv": [ 11, 1, 12, 2 ], "texture": "#main" }, 
                "west":  { "uv": [ 10, 1, 11, 2 ], "texture": "#main" }, 
                "up":    { "uv": [ 10, 1, 9, 0 ], "texture": "#main" }, 
                "down":  { "uv": [ 11, 0, 10, 1 ], "texture": "#main" }
            }
        }, 
        {
            "name": "leg0", 
            "from": [ 4, 0, 10 ], 
            "to":   [ 8, 6, 14 ], 
            "rotation": { "angle": 22.5, "axis": "x", "origin": [8, 6, 10] }, 
            "faces": {
                "north": { "uv": [ 12.5, 0.5, 13, 1.25 ], "texture": "#main" }, 
                "east":  { "uv": [ 12, 0.5, 12.5, 1.25 ], "texture": "#main" }, 
                "south": { "uv": [ 13.5, 0.5, 14, 1.25 ], "texture": "#main" }, 
                "west":  { "uv": [ 13, 0.5, 13.5, 1.25 ], "texture": "#main" }, 
                "up":    { "uv": [ 13, 0.5, 12.5, 0 ], "texture": "#main" }, 
                "down":  { "uv": [ 13.5, 0, 13, 0.5 ], "texture": "#main" }
            }
        }, 
        {
            "name": "leg1", 
            "from": [ 8, 0, 10 ], 
            "to":   [ 12, 6, 14 ], 
            "rotation": { "angle": -22.5, "axis": "x", "origin": [8, 6, 10] }, 
            "faces": {
                "north": { "uv": [ 8.5, 4.5, 9, 5.25 ], "texture": "#main" }, 
                "east":  { "uv": [ 8, 4.5, 8.5, 5.25 ], "texture": "#main" }, 
                "south": { "uv": [ 9.5, 4.5, 10, 5.25 ], "texture": "#main" }, 
                "west":  { "uv": [ 9, 4.5, 9.5, 5.25 ], "texture": "#main" }, 
                "up":    { "uv": [ 9, 4.5, 8.5, 4 ], "texture": "#main" }, 
                "down":  { "uv": [ 9.5, 4, 9, 4.5 ], "texture": "#main" }
            }
        }, 
        {
            "name": "leg2", 
            "from": [ 4, 0, 2 ], 
            "to":   [ 8, 6, 6 ], 
            "rotation": { "angle": -22.5, "axis": "x", "origin": [8, 6, 6] }, 
            "faces": {
                "north": { "uv": [ 11.5, 3.75, 12, 4.5 ], "texture": "#main" }, 
                "east":  { "uv": [ 11, 3.75, 11.5, 4.5 ], "texture": "#main" }, 
                "south": { "uv": [ 12.5, 3.75, 13, 4.5 ], "texture": "#main" }, 
                "west":  { "uv": [ 12, 3.75, 12.5, 4.5 ], "texture": "#main" }, 
                "up":    { "uv": [ 12, 3.75, 11.5, 3.25 ], "texture": "#main" }, 
                "down":  { "uv": [ 12.5, 3.25, 12, 3.75 ], "texture": "#main" }
            }
        }, 
        {
            "name": "leg3", 
            "from": [ 8, 0, 2 ], 
            "to":   [ 12, 6, 6 ], 
            "rotation": { "angle": 22.5, "axis": "x", "origin": [8, 6, 6] }, 
            "faces": {
                "north": { "uv": [ 11.5, 2.5, 12, 3.25 ], "texture": "#main" }, 
                "east":  { "uv": [ 11, 2.5, 11.5, 3.25 ], "texture": "#main" }, 
                "south": { "uv": [ 12.5, 2.5, 13, 3.25 ], "texture": "#main" }, 
                "west":  { "uv": [ 12, 2.5, 12.5, 3.25 ], "texture": "#main" }, 
                "up":    { "uv": [ 12, 2.5, 11.5, 2 ], "texture": "#main" }, 
                "down":  { "uv": [ 12.5, 2, 12, 2.5 ], "texture": "#main" }
            }
        }, 
        {
            "name": "body", 
            "from": [ 4, 6, 6 ], 
            "to":   [ 12, 18, 10 ], 
            "rotation": { "angle": 0, "axis": "y", "origin": [8, 0, 8] }, 
            "faces": {
                "north": { "uv": [ 0.5, 10.5, 1.5, 12 ], "texture": "#main" }, 
                "east":  { "uv": [ 0, 10.5, 0.5, 12 ], "texture": "#main" }, 
                "south": { "uv": [ 2, 10.5, 3, 12 ], "texture": "#main" }, 
                "west":  { "uv": [ 1.5, 10.5, 2, 12 ], "texture": "#main" }, 
                "up":    { "uv": [ 1.5, 10.5, 0.5, 10 ], "texture": "#main" }, 
                "down":  { "uv": [ 2.5, 10, 1.5, 10.5 ], "texture": "#main" }
            }
        }, 
        {
            "name": "head", 
            "from": [ 4, 18, 4 ], 
            "to":   [ 12, 26, 12 ], 
            "rotation": { "angle": 0, "axis": "y", "origin": [8, 0, 8] }, 
            "faces": {
                "north": { "uv": [ 1, 9, 2, 10 ], "texture": "#main" }, 
                "east":  { "uv": [ 0, 9, 1, 10 ], "texture": "#main" }, 
                "south": { "uv": [ 3, 9, 4, 10 ], "texture": "#main" }, 
                "west":  { "uv": [ 2, 9, 3, 10 ], "texture": "#main" }, 
                "up":    { "uv": [ 2, 9, 1, 8 ], "texture": "#main" }, 
                "down":  { "uv": [ 3, 8, 2, 9 ], "texture": "#main" }
            }
        }, 
        {
            "name": "leg0", 
            "from": [ 4, 0, 10 ], 
            "to":   [ 8, 6, 14 ], 
            "rotation": { "angle": -22.5, "axis": "x", "origin": [8, 6, 10] }, 
            "faces": {
                "north": { "uv": [ 4.5, 8.5, 5, 9.25 ], "texture": "#main" }, 
                "east":  { "uv": [ 4, 8.5, 4.5, 9.25 ], "texture": "#main" }, 
                "south": { "uv": [ 5.5, 8.5, 6, 9.25 ], "texture": "#main" }, 
                "west":  { "uv": [ 5, 8.5, 5.5, 9.25 ], "texture": "#main" }, 
                "up":    { "uv": [ 5, 8.5, 4.5, 8 ], "texture": "#main" }, 
                "down":  { "uv": [ 5.5, 8, 5, 8.5 ], "texture": "#main" }
            }
        }, 
        {
            "name": "leg1", 
            "from": [ 8, 0, 10 ], 
            "to":   [ 12, 6, 14 ], 
            "rotation": { "angle": 22.5, "axis": "x", "origin": [8, 6, 10] }, 
            "faces": {
                "north": { "uv": [ 0.5, 12.5, 1, 13.25 ], "texture": "#main" }, 
                "east":  { "uv": [ 0, 12.5, 0.5, 13.25 ], "texture": "#main" }, 
                "south": { "uv": [ 1.5, 12.5, 2, 13.25 ], "texture": "#main" }, 
                "west":  { "uv": [ 1, 12.5, 1.5, 13.25 ], "texture": "#main" }, 
                "up":    { "uv": [ 1, 12.5, 0.5, 12 ], "texture": "#main" }, 
                "down":  { "uv": [ 1.5, 12, 1, 12.5 ], "texture": "#main" }
            }
        }, 
        {
            "name": "leg2", 
            "from": [ 4, 0, 2 ], 
            "to":   [ 8, 6, 6 ], 
            "rotation": { "angle": 22.5, "axis": "x", "origin": [8, 6, 6] }, 
            "faces": {
                "north": { "uv": [ 3.5, 11.75, 4, 12.5 ], "texture": "#main" }, 
                "east":  { "uv": [ 3, 11.75, 3.5, 12.5 ], "texture": "#main" }, 
                "south": { "uv": [ 4.5, 11.75, 5, 12.5 ], "texture": "#main" }, 
                "west":  { "uv": [ 4, 11.75, 4.5, 12.5 ], "texture": "#main" }, 
                "up":    { "uv": [ 4, 11.75, 3.5, 11.25 ], "texture": "#main" }, 
                "down":  { "uv": [ 4.5, 11.25, 4, 11.75 ], "texture": "#main" }
            }
        }, 
        {
            "name": "leg3", 
            "from": [ 8, 0, 2 ], 
            "to":   [ 12, 6, 6 ], 
            "rotation": { "angle": -22.5, "axis": "x", "origin": [8, 6, 6] }, 
            "faces": {
                "north": { "uv": [ 3.5, 10.5, 4, 11.25 ], "texture": "#main" }, 
                "east":  { "uv": [ 3, 10.5, 3.5, 11.25 ], "texture": "#main" }, 
                "south": { "uv": [ 4.5, 10.5, 5, 11.25 ], "texture": "#main" }, 
                "west":  { "uv": [ 4, 10.5, 4.5, 11.25 ], "texture": "#main" }, 
                "up":    { "uv": [ 4, 10.5, 3.5, 10 ], "texture": "#main" }, 
                "down":  { "uv": [ 4.5, 10, 4, 10.5 ], "texture": "#main" }
            }
        }
    ], 
    "display": {
        "thirdperson_righthand": {
            "rotation": [ 44, 0, 0 ], 
            "scale": [ 0.2, 0.2, 0.2 ]
        }, 
        "thirdperson_lefthand": {
            "rotation": [ 44, 0, 0 ], 
            "scale": [ 0.2, 0.2, 0.2 ]
        }, 
        "firstperson_righthand": {
            "translation": [ 2.5, 0, 0 ], 
            "scale": [ 0.2, 0.2, 0.2 ]
        }, 
        "firstperson_lefthand": {
            "translation": [ 2.5, 0, 0 ], 
            "scale": [ 0.2, 0.2, 0.2 ]
        }, 
        "ground": {
            "translation": [ 0, -2.25, 0 ], 
            "scale": [ 0.2, 0.2, 0.2 ]
        }, 
        "gui": {
            "rotation": [ 0, -180, 0 ], 
            "translation": [ 0, -2.25, 0 ], 
            "scale": [ 0.4, 0.4, 0.4 ]
        }, 
        "head": {
            "translation": [ 0, -30.5, 0 ], 
            "scale": [ 1.8, 1.8, 1.8 ]
        }, 
        "fixed": {
            "scale": [ 0.3, 0.3, 0.3 ]
        }
    }, 
    "groups": [
        {
            "name": "creeper", 
            "origin": [
                0, 
                0, 
                0
            ], 
            "color": 0, 
            "shade": false, 
            "children": [
                0, 
                1, 
                2, 
                3, 
                4, 
                5
            ]
        }
    ], 
    "__comment": "Model animated using Fizzy's model animator - http://fizzy81.github.io/animated-models/"
}