{
  "parent": "minecraft:block/carved_pumpkin",
  "overrides": [
	{
		
		"predicate": {
			"custom_model_data": 1
		},
		"model": "custom:item/scarhat"
	},
	{
		"predicate": {
			"custom_model_data": 2
		},
		"model": "custom:item/tango_plushie"
	},
	{
		"predicate": {
			"custom_model_data": 3
		},
		"model": "custom:item/bug_glasses"
	},
	{
		"predicate": {
			"custom_model_data": 4
		},
		"model": "custom:item/aviator_helmet"
	},
	{
		"predicate": {
			"custom_model_data": 5
		},
		"model": "custom:item/aviator_helmet_top"
	},
	{
		"predicate": {
			"custom_model_data": 6
		},
		"model": "custom:item/tiny_tree"
	},
	{ "predicate": {"custom_model_data": 7}, "model": "custom:item/creeper_walk_animation"},
	{ "predicate": {"custom_model_data": 8}, "model": "custom:item/creeper_exploding_animation"},
	{ "predicate": {"custom_model_data": 9}, "model": "custom:item/creeper_animated"},
	{ "predicate": {"custom_model_data": 10}, "model": "custom:item/creeper"},
	{ "predicate": {"custom_model_data": 11}, "model": "custom:item/impulse_hat_3"},
	{ "predicate": {"custom_model_data": 12}, "model": "custom:item/keralis_old_head"},
	{ "predicate": {"custom_model_data": 13}, "model": "custom:item/grianhat"},
	{ "predicate": {"custom_model_data": 14}, "model": "custom:item/grianspecialhat"},
	{ "predicate": {"custom_model_data": 15}, "model": "custom:item/mumbohat"},
	{ "predicate": {"custom_model_data": 16}, "model": "custom:item/pearlhat"},
	{ "predicate": {"custom_model_data": 17}, "model": "custom:item/minipumpkindude"},
	{ "predicate": {"custom_model_data": 18}, "model": "custom:item/pumpkinantenna"},
	{ "predicate": {"custom_model_data": 19}, "model": "custom:item/scarhatmini"},
	{ "predicate": {"custom_model_data": 20}, "model": "custom:item/scarhatpumpkin"}
  ]
}